-- Include your INSERT SQL statements in this file.
-- Make sure to terminate each statement with a semicolon (;)

-- LEAVE this statement on. It is required to connect to your database.
CONNECT TO cs421;

-- Remember to put the INSERT statements for the tables with foreign key references
--    ONLY AFTER the parent tables!

-- This is only an example of how you add INSERT statements to this file.
--   You may remove it.
INSERT INTO HQIAN1.Vaccination_Location (place_name, city, street_address, postal_code)
VALUES  ('Jewish General', 'Montreal', '7503 Rue St Denis', 'H2R 2E7'),
        ('Oak Valley Hospital Center', 'Montreal', '251 Av Percival', 'H4X 1T8'),
        ('Rosewood Medical Center', 'Montreal', '7766 George Street', 'H8P 1E1'),
        ('Grand Oak Hospital Center', 'Montreal', '5930 Rue Hurteau', 'H4E 2Y2'),
        ('Horizon Medical Center', 'Westmount', '321 Westmount Street', 'H3Z 3E4'),
        ('Care Medical Clinic', 'Newport', '359 Kinsman Court', 'H3R 0B0'),
        ('The Pain Medic', 'Huyuan', '6 Beilfuss Road', 'H0O 2E3'),
        ('WishyWave Hospital', 'Banjar Dharmasemedi', '21073 Memorial Circle', 'H5A 0P3'),
        ('Community Health Service', 'Lakhdenpokh’ya', '34301 Havey Avenue', 'H8F 4V5'),
        ('Fraser Highway Medical', 'Varjota', '7453 Fallview Center', 'H2L 9B4'),
        ('Family Health Hospital', 'Libas', '83 Utah Center', 'H8D 0I8'),
        ('Universal Body Clinic', 'Shanxiahu', '45272 Susan Drive', 'H3L 1D0');

insert into HQIAN1.LOCATION_DAILYPLAN (PLACE_NAME, DATE, MAX_VACCINE, MAX_SLOTS)
values  ('Jewish General', '2020-03-20', null, null),
        ('Jewish General', '2020-05-23', null, null),
        ('Jewish General', '2020-11-10', 10, 10),
        ('Jewish General', '2020-04-01', null, null),
        ('Jewish General', '2021-02-03', 15, 20),
        ('Oak Valley Hospital Center', '2020-03-01', null, null),
        ('Oak Valley Hospital Center', '2021-01-21', 20, 20),
        ('Oak Valley Hospital Center', '2021-01-26', null, null),
        ('Oak Valley Hospital Center', '2020-05-13', null, null),
        ('Oak Valley Hospital Center', '2020-12-31', 32, 32),
        ('Rosewood Medical Center', '2020-04-25', null, null),
        ('Rosewood Medical Center', '2020-06-04', 26, 26),
        ('Rosewood Medical Center', '2021-01-30', null, null),
        ('Jewish General', '2021-03-20', 30, 20),
        ('Oak Valley Hospital Center', '2021-05-13', 30, 20),
        ('Jewish General', '2021-02-06', null, null),
        ('Oak Valley Hospital Center', '2021-02-06', null, null),
        ('Rosewood Medical Center', '2021-02-06', null, null),
        ('Jewish General', '2020-04-25', null, null),
        ('Jewish General', '2021-01-21', null, null);

INSERT INTO HQIAN1.Hospital (place_name)
VALUES  ('WishyWave Hospital'),
        ('The Pain Medic'),
        ('Rosewood Medical Center'),
        ('Oak Valley Hospital Center'),
        ('Jewish General'),
        ('Horizon Medical Center'),
        ('Grand Oak Hospital Center'),
        ('Care Medical Clinic');

insert into HQIAN1.NURSE (LICENSE_NUMBER, NAME, PLACE_NAME)
values  ('09-901-0652', 'Farley Bowe', 'WishyWave Hospital'),
        ('58-041-2909', 'Arlan Timson', 'The Pain Medic'),
        ('67-113-4792', 'Salomon Standall', 'Rosewood Medical Center'),
        ('97-786-1733', 'Ermanno Ingall', 'Oak Valley Hospital Center'),
        ('06-004-7663', 'Andonis Oats', 'Jewish General'),
        ('40-813-7074', 'Bea Greene', 'Horizon Medical Center'),
        ('85-015-1132', 'Wiley Hasser', 'Grand Oak Hospital Center'),
        ('75-985-7268', 'Juanita Townrow', 'Care Medical Clinic'),
        ('03-462-7979', 'Whittaker Lathwell', 'WishyWave Hospital'),
        ('46-309-2914', 'Tobye Fricke', 'The Pain Medic'),
        ('33-782-5908', 'Minda Manneville', 'Rosewood Medical Center'),
        ('27-102-9051', 'Ramona O''dell', 'Oak Valley Hospital Center'),
        ('79-932-9455', 'Ilise Redman', 'Jewish General'),
        ('13-428-7147', 'Alfredo Fenck', 'Horizon Medical Center'),
        ('61-583-7135', 'Lainey Ferriere', 'Grand Oak Hospital Center'),
        ('94-828-7740', 'Loren Deniscke', 'Care Medical Clinic'),
        ('38-309-6076', 'Georgena Dougher', 'Jewish General'),
        ('99-251-7476', 'Archambault D''Onisi', 'Jewish General'),
        ('27-259-1827', 'Delmor Gyver', 'Jewish General'),
        ('72-069-1658', 'Otho Mushrow', 'Jewish General'),
        ('44-441-6450', 'Paola Strasse', 'Jewish General'),
        ('40-064-1987', 'Orin Walkling', 'Jewish General'),
        ('46-674-8345', 'Marsh Tejero', 'Jewish General'),
        ('29-310-9239', 'Trisha Jouanet', 'Jewish General'),
        ('71-967-1646', 'Carrissa Preon', 'Jewish General'),
        ('34-661-1316', 'Chris O''Kane', 'Jewish General'),
        ('48-495-9012', 'Marci Padfield', 'Jewish General'),
        ('77-471-4205', 'Lilly Bode', 'Jewish General'),
        ('64-606-7103', 'Rice Kupec', 'Jewish General'),
        ('43-076-0229', 'Basilius Imrie', 'Jewish General'),
        ('89-031-6957', 'Steward Wildish', 'Jewish General'),
        ('54-916-3790', 'Ashby Roget', 'Jewish General'),
        ('44-352-2866', 'Hallie Clarae', 'Jewish General'),
        ('14-558-9186', 'Melesa Diggar', 'Jewish General'),
        ('31-930-5715', 'Harriette Vischi', 'Jewish General'),
        ('93-533-3861', 'Joshua Prew', 'Jewish General'),
        ('63-680-0930', 'Ely Rissom', 'Jewish General'),
        ('04-270-3575', 'Robbert Bearcroft', 'Jewish General'),
        ('35-346-9343', 'Land Arsmith', 'Jewish General'),
        ('50-855-5319', 'Eben Stebbings', 'Jewish General'),
        ('35-633-5634', 'Danell Elbourne', 'Jewish General'),
        ('61-709-2191', 'Grayce Hastler', 'Jewish General'),
        ('03-346-6900', 'Milzie Pruce', 'Jewish General'),
        ('21-496-5326', 'Adelheid Viant', 'Jewish General'),
        ('21-572-9043', 'Dionis Ordidge', 'Jewish General'),
        ('30-765-0158', 'Hendrick O''Currigan', 'Jewish General'),
        ('21-384-2135', 'Eda Entres', 'Jewish General');

insert into HQIAN1.NURSE_WORK_RECORD (LICENSE_NUMBER, DATE, PLACE_NAME)
values  ('06-004-7663', '2020-04-25', 'Rosewood Medical Center'),
        ('06-004-7663', '2020-06-04', 'Rosewood Medical Center'),
        ('06-004-7663', '2021-02-06', 'Jewish General'),
        ('06-004-7663', '2021-03-20', 'Jewish General'),
        ('06-004-7663', '2021-05-13', 'Oak Valley Hospital Center'),
        ('09-901-0652', '2020-03-20', 'Jewish General'),
        ('09-901-0652', '2020-04-01', 'Jewish General'),
        ('09-901-0652', '2020-05-23', 'Jewish General'),
        ('09-901-0652', '2020-11-10', 'Jewish General'),
        ('09-901-0652', '2021-02-03', 'Jewish General'),
        ('09-901-0652', '2021-02-06', 'Oak Valley Hospital Center'),
        ('09-901-0652', '2021-03-20', 'Jewish General'),
        ('40-813-7074', '2021-01-30', 'Rosewood Medical Center'),
        ('58-041-2909', '2020-03-20', 'Jewish General'),
        ('58-041-2909', '2020-05-23', 'Jewish General'),
        ('58-041-2909', '2020-11-10', 'Jewish General'),
        ('58-041-2909', '2021-03-20', 'Jewish General'),
        ('67-113-4792', '2020-03-01', 'Oak Valley Hospital Center'),
        ('67-113-4792', '2021-01-21', 'Oak Valley Hospital Center'),
        ('67-113-4792', '2021-01-26', 'Oak Valley Hospital Center'),
        ('67-113-4792', '2021-02-06', 'Rosewood Medical Center'),
        ('97-786-1733', '2020-05-13', 'Oak Valley Hospital Center'),
        ('97-786-1733', '2020-12-31', 'Oak Valley Hospital Center'),
        ('99-251-7476', '2020-04-25', 'Jewish General'),
        ('27-259-1827', '2020-05-23', 'Jewish General'),
        ('72-069-1658', '2021-02-06', 'Jewish General'),
        ('44-441-6450', '2021-02-06', 'Jewish General'),
        ('40-064-1987', '2021-01-21', 'Jewish General'),
        ('46-674-8345', '2021-02-06', 'Jewish General'),
        ('29-310-9239', '2021-01-21', 'Jewish General'),
        ('71-967-1646', '2021-02-06', 'Jewish General'),
        ('34-661-1316', '2020-05-23', 'Jewish General'),
        ('48-495-9012', '2021-02-06', 'Jewish General'),
        ('77-471-4205', '2021-02-06', 'Jewish General'),
        ('64-606-7103', '2021-01-21', 'Jewish General'),
        ('43-076-0229', '2020-05-23', 'Jewish General'),
        ('89-031-6957', '2021-01-21', 'Jewish General'),
        ('54-916-3790', '2021-02-06', 'Jewish General'),
        ('44-352-2866', '2020-03-20', 'Jewish General'),
        ('14-558-9186', '2020-03-20', 'Jewish General'),
        ('31-930-5715', '2021-01-21', 'Jewish General'),
        ('93-533-3861', '2020-04-25', 'Jewish General'),
        ('63-680-0930', '2021-02-06', 'Jewish General'),
        ('04-270-3575', '2021-01-21', 'Jewish General'),
        ('35-346-9343', '2020-03-20', 'Jewish General'),
        ('50-855-5319', '2021-01-21', 'Jewish General'),
        ('35-633-5634', '2021-02-06', 'Jewish General'),
        ('61-709-2191', '2021-02-06', 'Jewish General'),
        ('03-346-6900', '2020-03-20', 'Jewish General'),
        ('21-496-5326', '2021-02-06', 'Jewish General'),
        ('21-572-9043', '2021-02-06', 'Jewish General'),
        ('30-765-0158', '2021-02-06', 'Jewish General'),
        ('21-384-2135', '2021-01-21', 'Jewish General');

insert into HQIAN1.RECEIVER (HINSURNUM, NAME, BIRTHDAY, PHONE, POSTAL_CODE, CITY, STREET_ADDRESS, GENDER)
values  ('KTSU18477621', 'Edgardo Petegrew', '1993-03-03', '936-714-9838', 'H8W 3F2', 'Montreal', '0 Browning Crossing', 'male'),
        ('GOXV57635269', 'Maddy Berardt', '1982-06-12', '708-925-8999', 'H1M 3P8', 'Quebec city', '733 American Terrace', 'male'),
        ('GQEZ27661526', 'Kendall Geroldi', '1986-08-31', '337-103-7773', 'H7Z 3M9', 'Quebec city', '89060 Pepper Wood Place', 'female'),
        ('TDVT25747984', 'Roger Iwanowicz', '1991-08-23', '242-126-5460', 'H4E 5O0', 'Quebec city', '4841 Corry Alley', 'male'),
        ('HNGD34746984', 'Arnuad De Domenico', '1989-05-30', '972-389-5794', 'H2O 2P7', 'Westmont', '06914 Mcguire Lane', 'female'),
        ('IDNG35257845', 'Wernher Daniele', '1985-11-14', '173-796-2763', 'H1D 7B6', 'Quebec city', '19 Longview Junction', 'female'),
        ('KLUU23004939', 'Emlyn Highwood', '1988-07-14', '778-550-3600', 'H7W 4D4', 'Westmont', '14631 Fairview Road', 'male'),
        ('TNGH39625099', 'Anne-corinne Foyster', '1993-12-14', '834-915-9707', 'H3V 8A3', 'Quebec city', '78930 Sugar Park', 'male'),
        ('PFRB63660599', 'Midge Birney', '1985-08-17', '921-201-1976', 'H3Z 6Z1', 'Montreal', '296 Moose Center', 'male'),
        ('OWQC24616886', 'Ives Rignold', '1990-04-13', '543-885-1892', 'H4N 6V3', 'Quebec city', '79397 Eastlawn Drive', 'female'),
        ('EAMZ58930151', 'Mycah Carleton', '1985-11-04', '984-432-1433', 'H0N 6H5', 'Montreal', '1922 Sunnyside Avenue', 'male'),
        ('YIOX51516728', 'Leeland Shimmans', '1983-07-12', '391-761-8884', 'H8I 5I6', 'Westmont', '1966 Fieldstone Avenue', 'male'),
        ('VEXV87778586', 'Dall Gwilt', '1980-06-07', '645-934-6045', 'H6I 4Y3', 'Montreal', '60 Buena Vista Drive', 'female'),
        ('HYYP21700536', 'Way Batho', '1971-12-16', '671-956-3234', 'H0Y 2H6', 'Mercedes', '1348 Randy Place', 'female'),
        ('RSYL55851556', 'Barron Elderton', '1979-08-28', '759-122-3792', 'H5C 0E8', 'Sabaneta', '02 Spaight Street', 'male'),
        ('PHLH83805620', 'Carol-jean D''Antuoni', '1975-06-28', '374-402-8907', 'H0E 3Y8', 'Kastrat', '832 Spohn Avenue', 'female'),
        ('KHLG30800349', 'Rock Matthias', '1972-02-23', '555-550-1546', 'H8Q 5S5', 'Wadeng', '1413 Colorado Alley', 'male'),
        ('KYQL30909841', 'Avery Putt', '1975-11-17', '457-451-3630', 'H5S 3N6', 'Shcherbinka', '68 Spenser Alley', 'male'),
        ('GOOD66666666', 'Jane Doe', '1997-10-10', '514-629-9865', 'H3H 2K6', 'Montreal', '1200 SHERBROOKE O', 'male'),
        ('TEST00000000', 'Houkai Qian', '1997-10-28', '514-623-9866', 'H3H 2N5', 'Montreal', '66 Sherbrooke Ouest', 'male'),
        ('TEST00000001', 'Mike', '1997-10-28', '514-234-5678', 'H3H 2J3', 'Montreal', '234 McGill', 'male'),
        ('TEST00000003', 'John', '1997-10-18', '514-987-0987', 'H3H 2N1', 'Montreal', '23 McGill', 'male'),
        ('TEST00000006', 'Jake', '1997-10-28', '514-987-9098', 'H3H 9J9', 'Montreal', '87 Sherbrooke', 'male'),
        ('GKZC68918676', 'Linnie Irvin', '1970-07-18', '763-082-8230', 'E4V 3S8', 'Montreal', '364 Morningstar Lane', 'other'),
        ('HCRY37088558', 'Weider Grey', '1979-06-18', '828-226-1627', 'P2G 5G4', 'Montreal', '40 Rieder Road', 'male'),
        ('MTCD13996172', 'Etti Kibbe', '1983-03-20', '143-950-0843', 'N9G 8V5', 'Montreal', '2051 Almo Center', 'male'),
        ('MDIR51145975', 'Justino Mauchline', '1980-09-14', '314-302-0295', 'Y0H 1G2', 'Montreal', '8839 Onsgard Trail', 'male'),
        ('BURL94743554', 'Knox Waggett', '1965-10-03', '473-393-4698', 'L7E 0J9', 'Montreal', '13864 Green Ridge Park', 'female'),
        ('QHIS97881749', 'Dot Marten', '1982-11-23', '885-858-3540', 'C8F 5C5', 'Montreal', '44 Springview Avenue', 'female'),
        ('ETTM88679099', 'Coletta Rillstone', '1976-03-08', '114-818-7618', 'W7J 8T8', 'Montreal', '3 Maryland Circle', 'other'),
        ('WIEW17411663', 'Katerina Simonot', '1978-05-26', '621-800-1791', 'R8Q 9M7', 'Montreal', '8245 Blaine Road', 'female'),
        ('DVZO08827086', 'Rhea Lochhead', '1971-05-15', '402-735-3519', 'Y0D 4O0', 'Montreal', '6116 Kinsman Alley', 'male'),
        ('GUMN94664300', 'Ellissa Cake', '1988-01-23', '525-549-9159', 'O7S 9X6', 'Montreal', '779 Chive Way', 'other'),
        ('THAL61433485', 'Isobel Goodhand', '1975-06-18', '123-676-7146', 'H2O 9M4', 'Montreal', '0 Center Street', 'male'),
        ('HTYT88021533', 'Amandy Whatling', '1965-10-07', '278-716-1783', 'K4R 2B6', 'Montreal', '14 Shopko Junction', 'male'),
        ('MCMD11290751', 'Janine Prevost', '1984-12-25', '961-330-8327', 'F2M 4M8', 'Montreal', '56 Glacier Hill Parkway', 'other'),
        ('BKNF13005402', 'Jamie Bridat', '1972-10-08', '340-745-0566', 'W2F 7R8', 'Montreal', '3 Esch Way', 'male'),
        ('KDTQ55987600', 'Emilee Donaho', '1979-09-06', '646-121-7893', 'A9P 8F2', 'Montreal', '1662 Schlimgen Hill', 'other'),
        ('GUGX82191266', 'Annabela Cullity', '1965-06-22', '916-667-0539', 'A0G 4S5', 'Montreal', '5549 Anthes Junction', 'male'),
        ('QUAG33402973', 'Karola Jakobssen', '1964-03-20', '505-602-5172', 'K6R 9L1', 'Montreal', '77851 Dayton Center', 'other'),
        ('JVNW63072083', 'Ulrica Mangam', '1960-10-04', '536-661-6262', 'U6V 3V6', 'Montreal', '72 Goodland Terrace', 'other'),
        ('MLPN17725982', 'Tatiana Bartlomiej', '1960-06-26', '419-363-9133', 'D2F 8T4', 'Montreal', '655 Drewry Parkway', 'female'),
        ('YTAE51288279', 'Jacklyn Leguay', '1987-01-21', '203-942-7112', 'D7L 7I2', 'Montreal', '48 Coleman Point', 'other'),
        ('DJUB81520680', 'Berne Hurley', '1976-10-18', '120-588-8124', 'D6R 3K8', 'Montreal', '76854 Corry Avenue', 'other'),
        ('SXHT75073269', 'Reilly Van der Kruis', '1972-05-31', '199-880-1181', 'R4V 0V2', 'Montreal', '55644 Kim Park', 'female'),
        ('ZCMO38159942', 'Lucian Stangoe', '1986-02-12', '134-702-1643', 'E8T 0C3', 'Montreal', '5826 Hermina Lane', 'female'),
        ('BPQS36423822', 'Lizbeth Thurlborn', '1963-08-26', '051-122-6960', 'V5A 3R9', 'Montreal', '26 Susan Crossing', 'other'),
        ('TXHJ20191627', 'Ailsun Botte', '1971-05-26', '167-786-2077', 'Q2J 6L7', 'Montreal', '9 Eliot Terrace', 'other'),
        ('BIQW00717665', 'Karry Bamborough', '1976-01-16', '301-444-7184', 'P2Q 3G9', 'Montreal', '90 Cody Hill', 'other'),
        ('QHIC74009848', 'Laetitia Klampk', '1969-06-23', '639-404-8123', 'M0Y 9Q2', 'Montreal', '113 Bayside Pass', 'female'),
        ('NLNI44082488', 'Dennie Annakin', '1982-12-25', '130-612-5301', 'Q0Z 8M2', 'Montreal', '23 Anhalt Alley', 'male'),
        ('SPMK39657859', 'Carrol Broader', '1986-09-30', '227-678-4096', 'N6F 1I6', 'Montreal', '479 Maryland Drive', 'male'),
        ('ELQ17911537', 'Craggie Bute', '1968-06-27', '426-277-0670', 'G9N 5F2', 'Montreal', '3761 Dixon Crossing', 'other'),
        ('ELQ17911533', 'Dennie Cnnakin', '1986-09-30', '123-452-0989', 'N6F 1I6', 'Montreal', '479 Maryland Drive', 'male'),
        ('ELQ17911531', 'Dennie Bnnakin', '1968-06-27', '123-987-3920', 'G9N 5F2', 'Montreal', '3761 Dixon Crossing', 'male'),
        ('ELQ17911530', 'Dennie Annakin', '1968-06-27', '123-987-3920', 'G9N 5F2', 'Montreal', '3761 Dixon Crossing', 'male'),
        ('ELQ00000001', 'Dennie Dnnakin', '1986-09-30', '123-452-0989', 'N6F 1I6', 'Montreal', '479 Maryland Drive', 'male'),
        ('ELQ00000002', 'Dennie Ennakin', '1968-06-27', '123-987-3920', 'G9N 5F2', 'Montreal', '3761 Dixon Crossing', 'male'),
        ('ELQ00000003', 'Dennie Fnnakin', '1968-06-27', '123-987-3920', 'G9N 5F2', 'Montreal', '3761 Dixon Crossing', 'male');

INSERT INTO HQIAN1.Critical_Situation (critical_category, priority_level)
VALUES  ('HCW', '1'),
        ('ELD', '1'),
        ('IC', '1'),
        ('TEA', '2'),
        ('KID', '2'),
        ('PPTF', '2'),
        ('ESW', '3'),
        ('PPTS', '3'),
        ('NONE', '4');

insert into HQIAN1.RECEIVER_PRIORITY (HINSURNUM, CRITICAL_CATEGORY)
values  ('GKZC68918676', 'ELD'),
        ('HCRY37088558', 'ELD'),
        ('IDNG35257845', 'ELD'),
        ('TEST00000001', 'ELD'),
        ('BURL94743554', 'ESW'),
        ('EAMZ58930151', 'ESW'),
        ('HNGD34746984', 'ESW'),
        ('KHLG30800349', 'ESW'),
        ('MDIR51145975', 'ESW'),
        ('MTCD13996172', 'ESW'),
        ('ETTM88679099', 'HCW'),
        ('GOXV57635269', 'HCW'),
        ('QHIS97881749', 'HCW'),
        ('TEST00000000', 'HCW'),
        ('TEST00000003', 'HCW'),
        ('WIEW17411663', 'HCW'),
        ('BKNF13005402', 'NONE'),
        ('BPQS36423822', 'NONE'),
        ('DVZO08827086', 'NONE'),
        ('GUMN94664300', 'NONE'),
        ('HTYT88021533', 'NONE'),
        ('KLUU23004939', 'NONE'),
        ('MCMD11290751', 'NONE'),
        ('NLNI44082488', 'NONE'),
        ('PFRB63660599', 'NONE'),
        ('PHLH83805620', 'NONE'),
        ('SPMK39657859', 'NONE'),
        ('TDVT25747984', 'NONE'),
        ('THAL61433485', 'NONE'),
        ('TXHJ20191627', 'NONE'),
        ('VEXV87778586', 'NONE'),
        ('YIOX51516728', 'NONE'),
        ('GQEZ27661526', 'PPTF'),
        ('GUGX82191266', 'PPTF'),
        ('KDTQ55987600', 'PPTF'),
        ('QUAG33402973', 'PPTF'),
        ('RSYL55851556', 'PPTF'),
        ('TEST00000006', 'PPTF'),
        ('BIQW00717665', 'PPTS'),
        ('DJUB81520680', 'PPTS'),
        ('ELQ00000001', 'PPTS'),
        ('ELQ00000002', 'PPTS'),
        ('ELQ00000003', 'PPTS'),
        ('GOOD66666666', 'PPTS'),
        ('HYYP21700536', 'PPTS'),
        ('JVNW63072083', 'PPTS'),
        ('KTSU18477621', 'PPTS'),
        ('MLPN17725982', 'PPTS'),
        ('OWQC24616886', 'PPTS'),
        ('SXHT75073269', 'PPTS'),
        ('TNGH39625099', 'PPTS'),
        ('YTAE51288279', 'PPTS'),
        ('ELQ17911530', 'TEA'),
        ('ELQ17911531', 'TEA'),
        ('ELQ17911533', 'TEA'),
        ('ELQ17911537', 'TEA'),
        ('KYQL30909841', 'TEA'),
        ('QHIC74009848', 'TEA'),
        ('ZCMO38159942', 'TEA');

insert into HQIAN1.SLOT (SLOT_TIME, PLACE_NAME, DATE)
values  ('01:16:52', 'Jewish General', '2020-03-20'),
        ('01:17:40', 'Jewish General', '2021-02-06'),
        ('01:20:23', 'Jewish General', '2021-02-06'),
        ('02:21:45', 'Jewish General', '2021-02-06'),
        ('03:42:31', 'Jewish General', '2021-02-06'),
        ('04:19:00', 'Jewish General', '2020-03-20'),
        ('04:25:43', 'Jewish General', '2021-01-21'),
        ('04:45:07', 'Jewish General', '2020-03-20'),
        ('05:21:21', 'Jewish General', '2021-01-21'),
        ('06:15:42', 'Jewish General', '2021-02-06'),
        ('07:42:55', 'Jewish General', '2021-02-06'),
        ('07:58:23', 'Jewish General', '2021-01-21'),
        ('08:00:00', 'Jewish General', '2021-02-06'),
        ('08:00:00', 'Oak Valley Hospital Center', '2021-05-13'),
        ('08:01:36', 'Jewish General', '2021-02-06'),
        ('08:13:00', 'Jewish General', '2021-03-20'),
        ('08:55:00', 'Jewish General', '2021-02-03'),
        ('09:13:00', 'Jewish General', '2021-03-20'),
        ('09:17:22', 'Jewish General', '2020-05-23'),
        ('09:22:00', 'Oak Valley Hospital Center', '2021-02-06'),
        ('09:23:00', 'Jewish General', '2020-11-10'),
        ('09:50:00', 'Jewish General', '2021-03-20'),
        ('10:02:21', 'Jewish General', '2020-04-25'),
        ('10:10:31', 'Jewish General', '2020-05-23'),
        ('10:56:34', 'Jewish General', '2021-02-06'),
        ('10:59:00', 'Oak Valley Hospital Center', '2020-05-13'),
        ('12:06:00', 'Oak Valley Hospital Center', '2021-01-26'),
        ('12:10:20', 'Jewish General', '2020-03-20'),
        ('12:20:58', 'Jewish General', '2021-01-21'),
        ('12:32:00', 'Jewish General', '2020-04-01'),
        ('12:38:00', 'Oak Valley Hospital Center', '2021-01-26'),
        ('12:43:00', 'Rosewood Medical Center', '2020-04-25'),
        ('12:51:09', 'Jewish General', '2021-01-21'),
        ('13:02:00', 'Jewish General', '2021-03-20'),
        ('13:02:00', 'Oak Valley Hospital Center', '2021-02-06'),
        ('13:32:00', 'Jewish General', '2021-03-20'),
        ('13:47:00', 'Oak Valley Hospital Center', '2020-03-01'),
        ('14:22:00', 'Rosewood Medical Center', '2021-02-06'),
        ('14:40:00', 'Rosewood Medical Center', '2020-04-25'),
        ('15:00:37', 'Jewish General', '2021-02-06'),
        ('15:02:00', 'Oak Valley Hospital Center', '2021-01-21'),
        ('15:57:00', 'Rosewood Medical Center', '2020-06-04'),
        ('15:58:58', 'Jewish General', '2021-02-06'),
        ('15:59:00', 'Oak Valley Hospital Center', '2020-12-31'),
        ('16:14:00', 'Jewish General', '2021-03-20'),
        ('16:34:00', 'Jewish General', '2020-05-23'),
        ('17:22:00', 'Oak Valley Hospital Center', '2021-01-21'),
        ('17:27:00', 'Rosewood Medical Center', '2021-01-30'),
        ('17:27:41', 'Jewish General', '2020-04-25'),
        ('19:18:16', 'Jewish General', '2021-01-21'),
        ('19:33:33', 'Jewish General', '2020-05-23'),
        ('19:54:30', 'Jewish General', '2021-01-21'),
        ('20:21:43', 'Jewish General', '2021-02-06'),
        ('21:32:35', 'Jewish General', '2020-04-25'),
        ('21:32:35', 'Jewish General', '2021-01-21'),
        ('23:04:52', 'Jewish General', '2020-04-25'),
        ('23:04:52', 'Jewish General', '2021-02-06'),
        ('23:17:22', 'Jewish General', '2020-05-23'),
        ('23:17:22', 'Jewish General', '2021-02-06'),
        ('13:02:00', 'Jewish General', '2020-04-25'),
        ('13:32:00', 'Jewish General', '2020-05-23'),
        ('13:47:00', 'Jewish General', '2020-05-23');

insert into HQIAN1.ALLOCATE_SLOT (SLOT_TIME, PLACE_NAME, DATE, ALLCATION_DATE, HINSURNUM)
values  ('16:14:00', 'Jewish General', '2021-03-20', '2020-01-05', 'KTSU18477621'),
        ('16:34:00', 'Jewish General', '2020-05-23', '2020-01-07', 'GOXV57635269'),
        ('09:23:00', 'Jewish General', '2020-11-10', '2020-01-18', 'GQEZ27661526'),
        ('12:32:00', 'Jewish General', '2020-04-01', '2020-01-30', 'TDVT25747984'),
        ('08:55:00', 'Jewish General', '2021-02-03', '2020-01-21', 'HNGD34746984'),
        ('13:47:00', 'Oak Valley Hospital Center', '2020-03-01', '2020-01-12', 'IDNG35257845'),
        ('14:40:00', 'Rosewood Medical Center', '2020-04-25', '2020-01-25', 'KLUU23004939'),
        ('15:57:00', 'Rosewood Medical Center', '2020-06-04', '2020-01-16', 'TNGH39625099'),
        ('10:59:00', 'Oak Valley Hospital Center', '2020-05-13', '2020-01-30', 'PFRB63660599'),
        ('15:59:00', 'Oak Valley Hospital Center', '2020-12-31', '2020-01-16', 'OWQC24616886'),
        ('12:43:00', 'Rosewood Medical Center', '2020-04-25', '2020-01-03', 'EAMZ58930151'),
        ('15:57:00', 'Rosewood Medical Center', '2020-06-04', '2020-01-18', 'YIOX51516728'),
        ('17:27:00', 'Rosewood Medical Center', '2021-01-30', '2020-01-02', 'VEXV87778586'),
        ('15:02:00', 'Oak Valley Hospital Center', '2021-01-21', '2020-01-07', 'IDNG35257845'),
        ('12:38:00', 'Oak Valley Hospital Center', '2021-01-26', '2020-01-13', 'KLUU23004939'),
        ('17:22:00', 'Oak Valley Hospital Center', '2021-01-21', '2020-01-22', 'TNGH39625099'),
        ('12:06:00', 'Oak Valley Hospital Center', '2021-01-26', '2020-01-15', 'PFRB63660599'),
        ('09:13:00', 'Jewish General', '2021-03-20', '2021-02-13', 'HYYP21700536'),
        ('13:02:00', 'Jewish General', '2021-03-20', '2020-07-15', 'RSYL55851556'),
        ('08:00:00', 'Jewish General', '2021-02-06', '2020-04-21', 'GOOD66666666'),
        ('09:22:00', 'Oak Valley Hospital Center', '2021-02-06', '2020-04-21', 'KYQL30909841'),
        ('13:02:00', 'Oak Valley Hospital Center', '2021-02-06', '2020-05-24', 'KHLG30800349'),
        ('14:22:00', 'Rosewood Medical Center', '2021-02-06', '2020-08-02', 'PHLH83805620'),
        ('08:13:00', 'Jewish General', '2021-03-20', '2021-03-14', 'TEST00000003'),
        ('09:50:00', 'Jewish General', '2021-03-20', '2021-03-14', 'TEST00000000'),
        ('13:32:00', 'Jewish General', '2021-03-20', '2021-03-14', 'TEST00000006'),
        ('08:00:00', 'Oak Valley Hospital Center', '2021-05-13', '2021-03-14', 'TEST00000006'),
        ('10:02:21', 'Jewish General', '2020-04-25', '2020-02-10', 'GKZC68918676'),
        ('19:33:33', 'Jewish General', '2020-05-23', '2020-02-04', 'HCRY37088558'),
        ('06:15:42', 'Jewish General', '2021-02-06', '2020-01-17', 'MTCD13996172'),
        ('02:21:45', 'Jewish General', '2021-02-06', '2020-01-30', 'MDIR51145975'),
        ('21:32:35', 'Jewish General', '2021-01-21', '2020-02-12', 'BURL94743554'),
        ('15:58:58', 'Jewish General', '2021-02-06', '2020-01-17', 'QHIS97881749'),
        ('07:58:23', 'Jewish General', '2021-01-21', '2020-02-20', 'ETTM88679099'),
        ('15:00:37', 'Jewish General', '2021-02-06', '2020-02-08', 'WIEW17411663'),
        ('09:17:22', 'Jewish General', '2020-05-23', '2020-02-04', 'DVZO08827086'),
        ('20:21:43', 'Jewish General', '2021-02-06', '2020-02-01', 'GUMN94664300'),
        ('03:42:31', 'Jewish General', '2021-02-06', '2020-01-30', 'THAL61433485'),
        ('12:51:09', 'Jewish General', '2021-01-21', '2020-02-13', 'HTYT88021533'),
        ('10:10:31', 'Jewish General', '2020-05-23', '2020-02-10', 'MCMD11290751'),
        ('19:18:16', 'Jewish General', '2021-01-21', '2020-02-02', 'BKNF13005402'),
        ('01:17:40', 'Jewish General', '2021-02-06', '2020-01-16', 'KDTQ55987600'),
        ('01:16:52', 'Jewish General', '2020-03-20', '2020-01-30', 'GUGX82191266'),
        ('04:45:07', 'Jewish General', '2020-03-20', '2020-02-20', 'QUAG33402973'),
        ('04:25:43', 'Jewish General', '2021-01-21', '2020-02-26', 'JVNW63072083'),
        ('17:27:41', 'Jewish General', '2020-04-25', '2020-02-18', 'MLPN17725982'),
        ('10:56:34', 'Jewish General', '2021-02-06', '2020-02-12', 'YTAE51288279'),
        ('19:54:30', 'Jewish General', '2021-01-21', '2020-02-16', 'DJUB81520680'),
        ('12:10:20', 'Jewish General', '2020-03-20', '2020-01-29', 'SXHT75073269'),
        ('12:20:58', 'Jewish General', '2021-01-21', '2020-02-06', 'ZCMO38159942'),
        ('23:04:52', 'Jewish General', '2021-02-06', '2020-01-18', 'BPQS36423822'),
        ('23:17:22', 'Jewish General', '2021-02-06', '2020-02-25', 'TXHJ20191627'),
        ('04:19:00', 'Jewish General', '2020-03-20', '2020-02-09', 'BIQW00717665'),
        ('08:01:36', 'Jewish General', '2021-02-06', '2020-02-12', 'QHIC74009848'),
        ('07:42:55', 'Jewish General', '2021-02-06', '2020-02-09', 'NLNI44082488'),
        ('01:20:23', 'Jewish General', '2021-02-06', '2020-02-12', 'SPMK39657859'),
        ('05:21:21', 'Jewish General', '2021-01-21', '2020-02-20', 'ELQ17911537'),
        ('23:04:52', 'Jewish General', '2021-02-06', '2020-02-09', 'ELQ17911533'),
        ('23:17:22', 'Jewish General', '2020-05-23', '2020-02-12', 'ELQ17911531'),
        ('23:17:22', 'Jewish General', '2021-02-06', '2020-02-20', 'ELQ17911530'),
        ('13:02:00', 'Jewish General', '2020-04-25', '2020-02-09', 'ELQ00000001'),
        ('13:32:00', 'Jewish General', '2020-05-23', '2020-02-12', 'ELQ00000002'),
        ('13:47:00', 'Jewish General', '2020-05-23', '2020-02-20', 'ELQ00000003');


insert into HQIAN1.VACCINE_BATCH (BATCH_NUMBER, VACCINE_NAME, VIAL_QUANTITY, EXPIRED_DATE, MANUFACTURING_DATE, REQUIRED_DOES_QUANTITY, DATE, PLACE_NAME)
values  (87081819, 'Pfizer-BioNTech COVID-19 Vaccine', 3, '2021-02-17', '2020-02-19', 2, '2020-03-20', 'Jewish General'),
        (1279425, 'Moderna COVID-19 Vaccine', 2, '2021-02-20', '2020-02-02', 2, '2020-05-23', 'Jewish General'),
        (21511841, 'Pfizer-BioNTech COVID-19 Vaccine', 3, '2021-02-12', '2020-02-21', 2, '2020-11-10', 'Jewish General'),
        (47380832, 'Pfizer-BioNTech COVID-19 Vaccine', 3, '2021-02-05', '2020-02-01', 2, '2020-04-01', 'Jewish General'),
        (26587422, 'Pfizer-BioNTech COVID-19 Vaccine', 3, '2021-02-07', '2020-02-01', 2, '2021-02-03', 'Jewish General'),
        (38898494, 'Moderna COVID-19 Vaccine', 3, '2021-02-05', '2020-02-06', 2, '2020-03-01', 'Oak Valley Hospital Center'),
        (80958796, 'Moderna COVID-19 Vaccine', 2, '2021-02-02', '2020-02-18', 2, '2021-01-21', 'Oak Valley Hospital Center'),
        (13601583, 'Moderna COVID-19 Vaccine', 1, '2021-02-02', '2020-02-02', 2, '2021-01-26', 'Oak Valley Hospital Center'),
        (81785788, 'Moderna COVID-19 Vaccine', 3, '2021-02-17', '2020-02-06', 2, '2020-05-13', 'Oak Valley Hospital Center'),
        (79470436, 'Moderna COVID-19 Vaccine', 3, '2021-02-11', '2020-02-07', 2, '2020-12-31', 'Oak Valley Hospital Center'),
        (88205195, 'Moderna COVID-19 Vaccine', 1, '2021-02-02', '2020-02-01', 2, '2020-04-25', 'Rosewood Medical Center'),
        (7233378, 'Moderna COVID-19 Vaccine', 2, '2021-02-10', '2020-02-11', 2, '2020-06-04', 'Rosewood Medical Center'),
        (74074652, 'Moderna COVID-19 Vaccine', 2, '2021-02-21', '2020-02-13', 2, '2021-01-30', 'Rosewood Medical Center'),
        (66666666, 'Pfizer-BioNTech COVID-19 Vaccine', 3, '2021-06-23', '2021-03-12', 2, '2021-02-06', 'Jewish General'),
        (45686356, 'Moderna COVID-19 Vaccine', 2, '2021-07-01', '2020-02-13', 2, '2021-02-06', 'Oak Valley Hospital Center'),
        (88888888, 'Moderna COVID-19 Vaccine', 2, '2022-03-20', '2020-02-13', 2, '2021-03-20', 'Jewish General'),
        (99999999, 'Moderna COVID-19 Vaccine', 2, '2022-03-20', '2020-02-13', 2, '2021-03-20', 'Jewish General'),
        (78787878, 'Pfizer-BioNTech COVID-19 Vaccine', 3, '2022-03-20', '2020-02-13', 2, '2021-03-20', 'Jewish General'),
        (12312312, 'Moderna COVID-19 Vaccine', 2, '2022-03-20', '2020-02-13', 2, '2021-05-13', 'Oak Valley Hospital Center'),
        (44824578, 'Moderna COVID-19 Vaccine', 2, '2021-07-01', '2020-02-13', 2, '2021-02-06', 'Rosewood Medical Center'),
        (38491966, 'Moderna COVID-19 Vaccine', 3, '2022-02-01', '2020-01-01', 2, '2020-04-25', 'Jewish General'),
        (99864625, 'Moderna COVID-19 Vaccine', 2, '2022-02-01', '2020-01-01', 2, '2020-05-23', 'Jewish General'),
        (47777817, 'Moderna COVID-19 Vaccine', 3, '2022-02-01', '2020-01-01', 2, '2021-02-06', 'Jewish General'),
        (20940025, 'Moderna COVID-19 Vaccine', 3, '2022-02-01', '2020-01-01', 2, '2021-02-06', 'Jewish General'),
        (94018411, 'Moderna COVID-19 Vaccine', 3, '2022-02-01', '2020-01-01', 2, '2021-01-21', 'Jewish General'),
        (80004020, 'Moderna COVID-19 Vaccine', 3, '2022-02-01', '2020-01-01', 2, '2021-02-06', 'Jewish General'),
        (54053364, 'Moderna COVID-19 Vaccine', 2, '2022-02-01', '2020-01-01', 2, '2021-01-21', 'Jewish General'),
        (1081975, 'Moderna COVID-19 Vaccine', 1, '2022-02-01', '2020-01-01', 2, '2021-02-06', 'Jewish General'),
        (54202232, 'Moderna COVID-19 Vaccine', 3, '2022-02-01', '2020-01-01', 2, '2020-05-23', 'Jewish General'),
        (14553905, 'Moderna COVID-19 Vaccine', 3, '2022-02-01', '2020-01-01', 2, '2021-02-06', 'Jewish General'),
        (60772829, 'Moderna COVID-19 Vaccine', 1, '2022-02-01', '2020-01-01', 2, '2021-02-06', 'Jewish General'),
        (41059753, 'Moderna COVID-19 Vaccine', 2, '2022-02-01', '2020-01-01', 2, '2021-01-21', 'Jewish General'),
        (14092641, 'Moderna COVID-19 Vaccine', 2, '2022-02-01', '2020-01-01', 2, '2020-05-23', 'Jewish General'),
        (61354416, 'Moderna COVID-19 Vaccine', 3, '2022-02-01', '2020-01-01', 2, '2021-01-21', 'Jewish General'),
        (88107172, 'Moderna COVID-19 Vaccine', 2, '2022-02-01', '2020-01-01', 2, '2021-02-06', 'Jewish General'),
        (99216034, 'Moderna COVID-19 Vaccine', 2, '2022-02-01', '2020-01-01', 2, '2020-03-20', 'Jewish General'),
        (76507954, 'Moderna COVID-19 Vaccine', 2, '2022-02-01', '2020-01-01', 2, '2020-03-20', 'Jewish General'),
        (57097085, 'Moderna COVID-19 Vaccine', 3, '2022-02-01', '2020-01-01', 2, '2021-01-21', 'Jewish General'),
        (62674673, 'Moderna COVID-19 Vaccine', 2, '2022-02-01', '2020-01-01', 2, '2020-04-25', 'Jewish General'),
        (89349331, 'Moderna COVID-19 Vaccine', 2, '2022-02-01', '2020-01-01', 2, '2021-02-06', 'Jewish General'),
        (40451999, 'Moderna COVID-19 Vaccine', 2, '2022-02-01', '2020-01-01', 2, '2021-01-21', 'Jewish General'),
        (32413954, 'Moderna COVID-19 Vaccine', 3, '2022-02-01', '2020-01-01', 2, '2020-03-20', 'Jewish General'),
        (49127794, 'Moderna COVID-19 Vaccine', 2, '2022-02-01', '2020-01-01', 2, '2021-01-21', 'Jewish General'),
        (43371724, 'Moderna COVID-19 Vaccine', 2, '2022-02-01', '2020-01-01', 2, '2021-02-06', 'Jewish General'),
        (62686547, 'Moderna COVID-19 Vaccine', 2, '2022-02-01', '2020-01-01', 2, '2021-02-06', 'Jewish General'),
        (87102175, 'Moderna COVID-19 Vaccine', 3, '2022-02-01', '2020-01-01', 2, '2020-03-20', 'Jewish General'),
        (16637940, 'Moderna COVID-19 Vaccine', 2, '2022-02-01', '2020-01-01', 2, '2021-02-06', 'Jewish General'),
        (26791122, 'Moderna COVID-19 Vaccine', 2, '2022-02-01', '2020-01-01', 2, '2021-02-06', 'Jewish General'),
        (66319493, 'Moderna COVID-19 Vaccine', 2, '2022-02-01', '2020-01-01', 2, '2021-02-06', 'Jewish General'),
        (69294547, 'Moderna COVID-19 Vaccine', 2, '2022-02-01', '2020-01-01', 2, '2021-01-21', 'Jewish General'),
        (1, 'Moderna COVID-19 Vaccine', 2, '2022-02-01', '2020-01-01', 2, '2020-04-25', 'Jewish General'),
        (2, 'Moderna COVID-19 Vaccine', 2, '2022-02-01', '2020-01-01', 2, '2020-05-23', 'Jewish General'),
        (3, 'Moderna COVID-19 Vaccine', 2, '2022-02-01', '2020-01-01', 2, '2020-04-25', 'Jewish General'),
        (4, 'Moderna COVID-19 Vaccine', 2, '2022-02-01', '2020-01-01', 2, '2020-04-25', 'Jewish General'),
        (5, 'Moderna COVID-19 Vaccine', 2, '2022-02-01', '2020-01-01', 2, '2020-05-23', 'Jewish General'),
        (6, 'Moderna COVID-19 Vaccine', 2, '2022-02-01', '2020-01-01', null, '2020-05-23', 'Jewish General');

insert into HQIAN1.VACCINE_DOES (BATCH_NUMBER, VACCINE_NAME, VIAL_NUMBER, LICENSE_NUMBER, HINSURNUM, DOES_DATE, DOES_TIME)
values  (87081819, 'Pfizer-BioNTech COVID-19 Vaccine', 1, '09-901-0652', 'KTSU18477621', '2020-03-20', '16:14:00'),
        (1279425, 'Moderna COVID-19 Vaccine', 1, '58-041-2909', 'GOXV57635269', '2020-05-23', '16:34:00'),
        (80958796, 'Moderna COVID-19 Vaccine', 1, '67-113-4792', 'IDNG35257845', '2021-01-21', '15:02:00'),
        (13601583, 'Moderna COVID-19 Vaccine', 1, '67-113-4792', 'KLUU23004939', '2021-01-26', '12:38:00'),
        (88205195, 'Moderna COVID-19 Vaccine', 1, '06-004-7663', 'KLUU23004939', '2020-04-25', '14:40:00'),
        (66666666, 'Pfizer-BioNTech COVID-19 Vaccine', 1, '06-004-7663', 'GOOD66666666', '2021-02-06', '08:00:00'),
        (45686356, 'Moderna COVID-19 Vaccine', 1, '09-901-0652', 'KYQL30909841', '2021-02-06', '09:22:00'),
        (45686356, 'Moderna COVID-19 Vaccine', 2, '09-901-0652', 'KHLG30800349', '2021-02-06', '13:02:00'),
        (44824578, 'Moderna COVID-19 Vaccine', 1, '67-113-4792', 'PHLH83805620', '2021-02-06', '14:22:00'),
        (88888888, 'Moderna COVID-19 Vaccine', 1, '06-004-7663', 'TEST00000000', '2021-03-20', '09:50:00'),
        (99999999, 'Moderna COVID-19 Vaccine', 1, '09-901-0652', 'TEST00000006', '2021-03-20', '13:32:00'),
        (12312312, 'Moderna COVID-19 Vaccine', 1, '06-004-7663', 'TEST00000006', '2021-05-13', '08:00:00'),
        (38491966, 'Moderna COVID-19 Vaccine', 1, '99-251-7476', 'GKZC68918676', '2020-04-25', '10:02:21'),
        (99864625, 'Moderna COVID-19 Vaccine', 1, '27-259-1827', 'HCRY37088558', '2020-05-23', '19:33:33'),
        (47777817, 'Moderna COVID-19 Vaccine', 1, '72-069-1658', 'MTCD13996172', '2021-02-06', '06:15:42'),
        (20940025, 'Moderna COVID-19 Vaccine', 1, '44-441-6450', 'MDIR51145975', '2021-02-06', '02:21:45'),
        (94018411, 'Moderna COVID-19 Vaccine', 1, '40-064-1987', 'BURL94743554', '2021-01-21', '21:32:35'),
        (80004020, 'Moderna COVID-19 Vaccine', 1, '46-674-8345', 'QHIS97881749', '2021-02-06', '15:58:58'),
        (54053364, 'Moderna COVID-19 Vaccine', 1, '29-310-9239', 'ETTM88679099', '2021-01-21', '07:58:23'),
        (1081975, 'Moderna COVID-19 Vaccine', 1, '71-967-1646', 'WIEW17411663', '2021-02-06', '15:00:37'),
        (54202232, 'Moderna COVID-19 Vaccine', 1, '34-661-1316', 'DVZO08827086', '2020-05-23', '09:17:22'),
        (14553905, 'Moderna COVID-19 Vaccine', 1, '48-495-9012', 'GUMN94664300', '2021-02-06', '20:21:43'),
        (60772829, 'Moderna COVID-19 Vaccine', 1, '77-471-4205', 'THAL61433485', '2021-02-06', '03:42:31'),
        (41059753, 'Moderna COVID-19 Vaccine', 1, '64-606-7103', 'HTYT88021533', '2021-01-21', '12:51:09'),
        (14092641, 'Moderna COVID-19 Vaccine', 1, '43-076-0229', 'MCMD11290751', '2020-05-23', '10:10:31'),
        (61354416, 'Moderna COVID-19 Vaccine', 1, '89-031-6957', 'BKNF13005402', '2021-01-21', '19:18:16'),
        (88107172, 'Moderna COVID-19 Vaccine', 1, '54-916-3790', 'KDTQ55987600', '2021-02-06', '01:17:40'),
        (99216034, 'Moderna COVID-19 Vaccine', 1, '44-352-2866', 'GUGX82191266', '2020-03-20', '01:16:52'),
        (76507954, 'Moderna COVID-19 Vaccine', 1, '14-558-9186', 'QUAG33402973', '2020-03-20', '04:45:07'),
        (57097085, 'Moderna COVID-19 Vaccine', 1, '31-930-5715', 'JVNW63072083', '2021-01-21', '04:25:43'),
        (62674673, 'Moderna COVID-19 Vaccine', 1, '93-533-3861', 'MLPN17725982', '2020-04-25', '17:27:41'),
        (89349331, 'Moderna COVID-19 Vaccine', 1, '63-680-0930', 'YTAE51288279', '2021-02-06', '10:56:34'),
        (40451999, 'Moderna COVID-19 Vaccine', 1, '04-270-3575', 'DJUB81520680', '2021-01-21', '19:54:30'),
        (32413954, 'Moderna COVID-19 Vaccine', 1, '35-346-9343', 'SXHT75073269', '2020-03-20', '12:10:20'),
        (49127794, 'Moderna COVID-19 Vaccine', 1, '50-855-5319', 'ZCMO38159942', '2021-01-21', '12:20:58'),
        (43371724, 'Moderna COVID-19 Vaccine', 1, '35-633-5634', 'BPQS36423822', '2021-02-06', '23:04:52'),
        (62686547, 'Moderna COVID-19 Vaccine', 1, '61-709-2191', 'TXHJ20191627', '2021-02-06', '23:17:22'),
        (87102175, 'Moderna COVID-19 Vaccine', 1, '03-346-6900', 'BIQW00717665', '2020-03-20', '04:19:00'),
        (16637940, 'Moderna COVID-19 Vaccine', 1, '21-496-5326', 'QHIC74009848', '2021-02-06', '08:01:36'),
        (26791122, 'Moderna COVID-19 Vaccine', 1, '21-572-9043', 'NLNI44082488', '2021-02-06', '07:42:55'),
        (66319493, 'Moderna COVID-19 Vaccine', 1, '30-765-0158', 'SPMK39657859', '2021-02-06', '01:20:23'),
        (69294547, 'Moderna COVID-19 Vaccine', 1, '21-384-2135', 'ELQ17911537', '2021-01-21', '05:21:21'),
        (1, 'Moderna COVID-19 Vaccine', 1, '93-533-3861', 'ELQ17911533', '2020-04-25', '23:04:52'),
        (2, 'Moderna COVID-19 Vaccine', 1, '34-661-1316', 'ELQ17911531', '2020-05-23', '23:17:22'),
        (3, 'Moderna COVID-19 Vaccine', 1, '93-533-3861', 'ELQ17911530', '2020-04-25', '23:17:22'),
        (4, 'Moderna COVID-19 Vaccine', 1, '93-533-3861', 'ELQ00000001', '2020-04-25', '13:02:00'),
        (5, 'Moderna COVID-19 Vaccine', 1, '34-661-1316', 'ELQ00000002', '2020-05-23', '13:32:00'),
        (6, 'Moderna COVID-19 Vaccine', 1, '34-661-1316', 'ELQ00000003', '2020-05-23', '13:47:00');

insert into HQIAN1.ASSIGN_DOSE_TO_SLOT (SLOT_TIME, PLACE_NAME, DATE, BATCH_NUMBER, VACCINE_NAME, VIAL_NUMBER)
values  ('01:16:52', 'Jewish General', '2020-03-20', 99216034, 'Moderna COVID-19 Vaccine', 1),
        ('01:17:40', 'Jewish General', '2021-02-06', 88107172, 'Moderna COVID-19 Vaccine', 1),
        ('01:20:23', 'Jewish General', '2021-02-06', 66319493, 'Moderna COVID-19 Vaccine', 1),
        ('02:21:45', 'Jewish General', '2021-02-06', 20940025, 'Moderna COVID-19 Vaccine', 1),
        ('03:42:31', 'Jewish General', '2021-02-06', 60772829, 'Moderna COVID-19 Vaccine', 1),
        ('04:19:00', 'Jewish General', '2020-03-20', 87102175, 'Moderna COVID-19 Vaccine', 1),
        ('04:25:43', 'Jewish General', '2021-01-21', 57097085, 'Moderna COVID-19 Vaccine', 1),
        ('04:45:07', 'Jewish General', '2020-03-20', 76507954, 'Moderna COVID-19 Vaccine', 1),
        ('05:21:21', 'Jewish General', '2021-01-21', 69294547, 'Moderna COVID-19 Vaccine', 1),
        ('06:15:42', 'Jewish General', '2021-02-06', 47777817, 'Moderna COVID-19 Vaccine', 1),
        ('07:42:55', 'Jewish General', '2021-02-06', 26791122, 'Moderna COVID-19 Vaccine', 1),
        ('07:58:23', 'Jewish General', '2021-01-21', 54053364, 'Moderna COVID-19 Vaccine', 1),
        ('08:00:00', 'Jewish General', '2021-02-06', 66666666, 'Pfizer-BioNTech COVID-19 Vaccine', 1),
        ('08:00:00', 'Oak Valley Hospital Center', '2021-05-13', 12312312, 'Moderna COVID-19 Vaccine', 1),
        ('08:01:36', 'Jewish General', '2021-02-06', 16637940, 'Moderna COVID-19 Vaccine', 1),
        ('09:17:22', 'Jewish General', '2020-05-23', 54202232, 'Moderna COVID-19 Vaccine', 1),
        ('09:22:00', 'Oak Valley Hospital Center', '2021-02-06', 45686356, 'Moderna COVID-19 Vaccine', 1),
        ('09:50:00', 'Jewish General', '2021-03-20', 88888888, 'Moderna COVID-19 Vaccine', 1),
        ('10:02:21', 'Jewish General', '2020-04-25', 38491966, 'Moderna COVID-19 Vaccine', 1),
        ('10:10:31', 'Jewish General', '2020-05-23', 14092641, 'Moderna COVID-19 Vaccine', 1),
        ('10:56:34', 'Jewish General', '2021-02-06', 89349331, 'Moderna COVID-19 Vaccine', 1),
        ('12:10:20', 'Jewish General', '2020-03-20', 32413954, 'Moderna COVID-19 Vaccine', 1),
        ('12:20:58', 'Jewish General', '2021-01-21', 49127794, 'Moderna COVID-19 Vaccine', 1),
        ('12:38:00', 'Oak Valley Hospital Center', '2021-01-26', 13601583, 'Moderna COVID-19 Vaccine', 1),
        ('12:51:09', 'Jewish General', '2021-01-21', 41059753, 'Moderna COVID-19 Vaccine', 1),
        ('13:02:00', 'Jewish General', '2020-04-25', 4, 'Moderna COVID-19 Vaccine', 1),
        ('13:02:00', 'Oak Valley Hospital Center', '2021-02-06', 45686356, 'Moderna COVID-19 Vaccine', 2),
        ('13:32:00', 'Jewish General', '2020-05-23', 5, 'Moderna COVID-19 Vaccine', 1),
        ('13:32:00', 'Jewish General', '2021-03-20', 99999999, 'Moderna COVID-19 Vaccine', 1),
        ('13:47:00', 'Jewish General', '2020-05-23', 6, 'Moderna COVID-19 Vaccine', 1),
        ('14:22:00', 'Rosewood Medical Center', '2021-02-06', 44824578, 'Moderna COVID-19 Vaccine', 1),
        ('14:40:00', 'Rosewood Medical Center', '2020-04-25', 88205195, 'Moderna COVID-19 Vaccine', 1),
        ('15:00:37', 'Jewish General', '2021-02-06', 1081975, 'Moderna COVID-19 Vaccine', 1),
        ('15:02:00', 'Oak Valley Hospital Center', '2021-01-21', 80958796, 'Moderna COVID-19 Vaccine', 1),
        ('15:58:58', 'Jewish General', '2021-02-06', 80004020, 'Moderna COVID-19 Vaccine', 1),
        ('16:14:00', 'Jewish General', '2020-03-20', 87081819, 'Pfizer-BioNTech COVID-19 Vaccine', 1),
        ('16:34:00', 'Jewish General', '2020-05-23', 1279425, 'Moderna COVID-19 Vaccine', 1),
        ('17:27:41', 'Jewish General', '2020-04-25', 62674673, 'Moderna COVID-19 Vaccine', 1),
        ('19:18:16', 'Jewish General', '2021-01-21', 61354416, 'Moderna COVID-19 Vaccine', 1),
        ('19:33:33', 'Jewish General', '2020-05-23', 99864625, 'Moderna COVID-19 Vaccine', 1),
        ('19:54:30', 'Jewish General', '2021-01-21', 40451999, 'Moderna COVID-19 Vaccine', 1),
        ('20:21:43', 'Jewish General', '2021-02-06', 14553905, 'Moderna COVID-19 Vaccine', 1),
        ('21:32:35', 'Jewish General', '2021-01-21', 94018411, 'Moderna COVID-19 Vaccine', 1),
        ('23:04:52', 'Jewish General', '2020-04-25', 1, 'Moderna COVID-19 Vaccine', 1),
        ('23:04:52', 'Jewish General', '2021-02-06', 43371724, 'Moderna COVID-19 Vaccine', 1),
        ('23:17:22', 'Jewish General', '2020-04-25', 3, 'Moderna COVID-19 Vaccine', 1),
        ('23:17:22', 'Jewish General', '2020-05-23', 2, 'Moderna COVID-19 Vaccine', 1),
        ('23:17:22', 'Jewish General', '2021-02-06', 62686547, 'Moderna COVID-19 Vaccine', 1);
